slug,name,role_count,levels_fyi_url,h1b_url,glassdoor_eid,custom_url
accenture,Accenture,14,https://www.levels.fyi/companies/accenture/salaries,https://h1bdata.info/index.php?em=Accenture&job=&city=&year=2025,,
activision-blizzard,Activision Blizzard,14,https://www.levels.fyi/companies/activision-blizzard/salaries,https://h1bdata.info/index.php?em=Activision%20Blizzard&job=&city=&year=2025,,
adept-ai,Adept Ai,14,https://www.levels.fyi/companies/adept-ai/salaries,https://h1bdata.info/index.php?em=Adept%20Ai&job=&city=&year=2025,,
adobe,Adobe,14,https://www.levels.fyi/companies/adobe/salaries,https://h1bdata.info/index.php?em=Adobe&job=&city=&year=2025,,
adyen,Adyen,14,https://www.levels.fyi/companies/adyen/salaries,https://h1bdata.info/index.php?em=Adyen&job=&city=&year=2025,,
affirm,Affirm,14,https://www.levels.fyi/companies/affirm/salaries,https://h1bdata.info/index.php?em=Affirm&job=&city=&year=2025,,
airbase,Airbase,14,https://www.levels.fyi/companies/airbase/salaries,https://h1bdata.info/index.php?em=Airbase&job=&city=&year=2025,,
airbnb,Airbnb,14,https://www.levels.fyi/companies/airbnb/salaries,https://h1bdata.info/index.php?em=Airbnb&job=&city=&year=2025,,
airtable,Airtable,14,https://www.levels.fyi/companies/airtable/salaries,https://h1bdata.info/index.php?em=Airtable&job=&city=&year=2025,,
airwallex,Airwallex,14,https://www.levels.fyi/companies/airwallex/salaries,https://h1bdata.info/index.php?em=Airwallex&job=&city=&year=2025,,
akamai,Akamai,14,https://www.levels.fyi/companies/akamai/salaries,https://h1bdata.info/index.php?em=Akamai&job=&city=&year=2025,,
alibaba,Alibaba,14,https://www.levels.fyi/companies/alibaba/salaries,https://h1bdata.info/index.php?em=Alibaba&job=&city=&year=2025,,
ally-financial,Ally Financial,14,https://www.levels.fyi/companies/ally-financial/salaries,https://h1bdata.info/index.php?em=Ally%20Financial&job=&city=&year=2025,,
alteryx,Alteryx,14,https://www.levels.fyi/companies/alteryx/salaries,https://h1bdata.info/index.php?em=Alteryx&job=&city=&year=2025,,
amazon,Amazon,14,https://www.levels.fyi/companies/amazon/salaries,https://h1bdata.info/index.php?em=Amazon&job=&city=&year=2025,,
amd,Amd,14,https://www.levels.fyi/companies/amd/salaries,https://h1bdata.info/index.php?em=Amd&job=&city=&year=2025,,
american-express,American Express,14,https://www.levels.fyi/companies/american-express/salaries,https://h1bdata.info/index.php?em=American%20Express&job=&city=&year=2025,,
amplitude,Amplitude,14,https://www.levels.fyi/companies/amplitude/salaries,https://h1bdata.info/index.php?em=Amplitude&job=&city=&year=2025,,
andreessen-horowitz,Andreessen Horowitz,14,https://www.levels.fyi/companies/andreessen-horowitz/salaries,https://h1bdata.info/index.php?em=Andreessen%20Horowitz&job=&city=&year=2025,,
anduril,Anduril,14,https://www.levels.fyi/companies/anduril/salaries,https://h1bdata.info/index.php?em=Anduril&job=&city=&year=2025,,
anthropic,Anthropic,14,https://www.levels.fyi/companies/anthropic/salaries,https://h1bdata.info/index.php?em=Anthropic&job=&city=&year=2025,,
anyscale,Anyscale,14,https://www.levels.fyi/companies/anyscale/salaries,https://h1bdata.info/index.php?em=Anyscale&job=&city=&year=2025,,
apple,Apple,14,https://www.levels.fyi/companies/apple/salaries,https://h1bdata.info/index.php?em=Apple&job=&city=&year=2025,,
arista,Arista,14,https://www.levels.fyi/companies/arista/salaries,https://h1bdata.info/index.php?em=Arista&job=&city=&year=2025,,
arm,Arm,14,https://www.levels.fyi/companies/arm/salaries,https://h1bdata.info/index.php?em=Arm&job=&city=&year=2025,,
asana,Asana,14,https://www.levels.fyi/companies/asana/salaries,https://h1bdata.info/index.php?em=Asana&job=&city=&year=2025,,
asml,Asml,14,https://www.levels.fyi/companies/asml/salaries,https://h1bdata.info/index.php?em=Asml&job=&city=&year=2025,,
atlassian,Atlassian,14,https://www.levels.fyi/companies/atlassian/salaries,https://h1bdata.info/index.php?em=Atlassian&job=&city=&year=2025,,
att,Att,14,https://www.levels.fyi/companies/att/salaries,https://h1bdata.info/index.php?em=Att&job=&city=&year=2025,,
aurora-innovation,Aurora Innovation,14,https://www.levels.fyi/companies/aurora-innovation/salaries,https://h1bdata.info/index.php?em=Aurora%20Innovation&job=&city=&year=2025,,
avidxchange,Avidxchange,14,https://www.levels.fyi/companies/avidxchange/salaries,https://h1bdata.info/index.php?em=Avidxchange&job=&city=&year=2025,,
baidu,Baidu,14,https://www.levels.fyi/companies/baidu/salaries,https://h1bdata.info/index.php?em=Baidu&job=&city=&year=2025,,
bain,Bain,14,https://www.levels.fyi/companies/bain/salaries,https://h1bdata.info/index.php?em=Bain&job=&city=&year=2025,,
bank-of-america,Bank Of America,14,https://www.levels.fyi/companies/bank-of-america/salaries,https://h1bdata.info/index.php?em=Bank%20Of%20America&job=&city=&year=2025,,
barclays,Barclays,14,https://www.levels.fyi/companies/barclays/salaries,https://h1bdata.info/index.php?em=Barclays&job=&city=&year=2025,,
bcg,Bcg,14,https://www.levels.fyi/companies/bcg/salaries,https://h1bdata.info/index.php?em=Bcg&job=&city=&year=2025,,
bill-com,Bill Com,14,https://www.levels.fyi/companies/bill-com/salaries,https://h1bdata.info/index.php?em=Bill%20Com&job=&city=&year=2025,,
blackrock,Blackrock,14,https://www.levels.fyi/companies/blackrock/salaries,https://h1bdata.info/index.php?em=Blackrock&job=&city=&year=2025,,
blackstone,Blackstone,14,https://www.levels.fyi/companies/blackstone/salaries,https://h1bdata.info/index.php?em=Blackstone&job=&city=&year=2025,,
block,Block,14,https://www.levels.fyi/companies/block/salaries,https://h1bdata.info/index.php?em=Block&job=&city=&year=2025,,
boku,Boku,14,https://www.levels.fyi/companies/boku/salaries,https://h1bdata.info/index.php?em=Boku&job=&city=&year=2025,,
booking,Booking,14,https://www.levels.fyi/companies/booking/salaries,https://h1bdata.info/index.php?em=Booking&job=&city=&year=2025,,
box,Box,14,https://www.levels.fyi/companies/box/salaries,https://h1bdata.info/index.php?em=Box&job=&city=&year=2025,,
brex,Brex,14,https://www.levels.fyi/companies/brex/salaries,https://h1bdata.info/index.php?em=Brex&job=&city=&year=2025,,
brex-ai,Brex Ai,14,https://www.levels.fyi/companies/brex-ai/salaries,https://h1bdata.info/index.php?em=Brex%20Ai&job=&city=&year=2025,,
bridgewater-associates,Bridgewater Associates,14,https://www.levels.fyi/companies/bridgewater-associates/salaries,https://h1bdata.info/index.php?em=Bridgewater%20Associates&job=&city=&year=2025,,
broadcom,Broadcom,14,https://www.levels.fyi/companies/broadcom/salaries,https://h1bdata.info/index.php?em=Broadcom&job=&city=&year=2025,,
bytedance,Bytedance,14,https://www.levels.fyi/companies/bytedance/salaries,https://h1bdata.info/index.php?em=Bytedance&job=&city=&year=2025,,
c3-ai,C3 Ai,14,https://www.levels.fyi/companies/c3-ai/salaries,https://h1bdata.info/index.php?em=C3%20Ai&job=&city=&year=2025,,
capital-one,Capital One,14,https://www.levels.fyi/companies/capital-one/salaries,https://h1bdata.info/index.php?em=Capital%20One&job=&city=&year=2025,,
cerebras,Cerebras,14,https://www.levels.fyi/companies/cerebras/salaries,https://h1bdata.info/index.php?em=Cerebras&job=&city=&year=2025,,
cerner,Cerner,14,https://www.levels.fyi/companies/cerner/salaries,https://h1bdata.info/index.php?em=Cerner&job=&city=&year=2025,,
character-ai,Character Ai,14,https://www.levels.fyi/companies/character-ai/salaries,https://h1bdata.info/index.php?em=Character%20Ai&job=&city=&year=2025,,
charles-schwab,Charles Schwab,14,https://www.levels.fyi/companies/charles-schwab/salaries,https://h1bdata.info/index.php?em=Charles%20Schwab&job=&city=&year=2025,,
check-point,Check Point,14,https://www.levels.fyi/companies/check-point/salaries,https://h1bdata.info/index.php?em=Check%20Point&job=&city=&year=2025,,
checkout-com,Checkout Com,14,https://www.levels.fyi/companies/checkout-com/salaries,https://h1bdata.info/index.php?em=Checkout%20Com&job=&city=&year=2025,,
chewy,Chewy,14,https://www.levels.fyi/companies/chewy/salaries,https://h1bdata.info/index.php?em=Chewy&job=&city=&year=2025,,
chime,Chime,14,https://www.levels.fyi/companies/chime/salaries,https://h1bdata.info/index.php?em=Chime&job=&city=&year=2025,,
citadel-securities,Citadel Securities,14,https://www.levels.fyi/companies/citadel-securities/salaries,https://h1bdata.info/index.php?em=Citadel%20Securities&job=&city=&year=2025,,
citigroup,Citigroup,14,https://www.levels.fyi/companies/citigroup/salaries,https://h1bdata.info/index.php?em=Citigroup&job=&city=&year=2025,,
cloudflare,Cloudflare,14,https://www.levels.fyi/companies/cloudflare/salaries,https://h1bdata.info/index.php?em=Cloudflare&job=&city=&year=2025,,
cloudflare-workers,Cloudflare Workers,14,https://www.levels.fyi/companies/cloudflare-workers/salaries,https://h1bdata.info/index.php?em=Cloudflare%20Workers&job=&city=&year=2025,,
cme-group,Cme Group,14,https://www.levels.fyi/companies/cme-group/salaries,https://h1bdata.info/index.php?em=Cme%20Group&job=&city=&year=2025,,
cockroach-labs,Cockroach Labs,14,https://www.levels.fyi/companies/cockroach-labs/salaries,https://h1bdata.info/index.php?em=Cockroach%20Labs&job=&city=&year=2025,,
cohere,Cohere,14,https://www.levels.fyi/companies/cohere/salaries,https://h1bdata.info/index.php?em=Cohere&job=&city=&year=2025,,
coinbase,Coinbase,14,https://www.levels.fyi/companies/coinbase/salaries,https://h1bdata.info/index.php?em=Coinbase&job=&city=&year=2025,,
comcast,Comcast,14,https://www.levels.fyi/companies/comcast/salaries,https://h1bdata.info/index.php?em=Comcast&job=&city=&year=2025,,
compass,Compass,14,https://www.levels.fyi/companies/compass/salaries,https://h1bdata.info/index.php?em=Compass&job=&city=&year=2025,,
confluent,Confluent,14,https://www.levels.fyi/companies/confluent/salaries,https://h1bdata.info/index.php?em=Confluent&job=&city=&year=2025,,
coreweave,Coreweave,14,https://www.levels.fyi/companies/coreweave/salaries,https://h1bdata.info/index.php?em=Coreweave&job=&city=&year=2025,,
coupa,Coupa,14,https://www.levels.fyi/companies/coupa/salaries,https://h1bdata.info/index.php?em=Coupa&job=&city=&year=2025,,
coupang,Coupang,14,https://www.levels.fyi/companies/coupang/salaries,https://h1bdata.info/index.php?em=Coupang&job=&city=&year=2025,,
crowdstrike,Crowdstrike,14,https://www.levels.fyi/companies/crowdstrike/salaries,https://h1bdata.info/index.php?em=Crowdstrike&job=&city=&year=2025,,
cruise,Cruise,14,https://www.levels.fyi/companies/cruise/salaries,https://h1bdata.info/index.php?em=Cruise&job=&city=&year=2025,,
cyberark,Cyberark,14,https://www.levels.fyi/companies/cyberark/salaries,https://h1bdata.info/index.php?em=Cyberark&job=&city=&year=2025,,
darktrace,Darktrace,14,https://www.levels.fyi/companies/darktrace/salaries,https://h1bdata.info/index.php?em=Darktrace&job=&city=&year=2025,,
databricks,Databricks,14,https://www.levels.fyi/companies/databricks/salaries,https://h1bdata.info/index.php?em=Databricks&job=&city=&year=2025,,
databricks-unity,Databricks Unity,14,https://www.levels.fyi/companies/databricks-unity/salaries,https://h1bdata.info/index.php?em=Databricks%20Unity&job=&city=&year=2025,,
datadog,Datadog,14,https://www.levels.fyi/companies/datadog/salaries,https://h1bdata.info/index.php?em=Datadog&job=&city=&year=2025,,
dbt-labs,Dbt Labs,14,https://www.levels.fyi/companies/dbt-labs/salaries,https://h1bdata.info/index.php?em=Dbt%20Labs&job=&city=&year=2025,,
de-shaw,De Shaw,14,https://www.levels.fyi/companies/de-shaw/salaries,https://h1bdata.info/index.php?em=De%20Shaw&job=&city=&year=2025,,
deel,Deel,14,https://www.levels.fyi/companies/deel/salaries,https://h1bdata.info/index.php?em=Deel&job=&city=&year=2025,,
deloitte,Deloitte,14,https://www.levels.fyi/companies/deloitte/salaries,https://h1bdata.info/index.php?em=Deloitte&job=&city=&year=2025,,
deutsche-bank,Deutsche Bank,14,https://www.levels.fyi/companies/deutsche-bank/salaries,https://h1bdata.info/index.php?em=Deutsche%20Bank&job=&city=&year=2025,,
digitalocean,Digitalocean,14,https://www.levels.fyi/companies/digitalocean/salaries,https://h1bdata.info/index.php?em=Digitalocean&job=&city=&year=2025,,
discord,Discord,14,https://www.levels.fyi/companies/discord/salaries,https://h1bdata.info/index.php?em=Discord&job=&city=&year=2025,,
disney,Disney,14,https://www.levels.fyi/companies/disney/salaries,https://h1bdata.info/index.php?em=Disney&job=&city=&year=2025,,
dlocal,Dlocal,14,https://www.levels.fyi/companies/dlocal/salaries,https://h1bdata.info/index.php?em=Dlocal&job=&city=&year=2025,,
docusign,Docusign,14,https://www.levels.fyi/companies/docusign/salaries,https://h1bdata.info/index.php?em=Docusign&job=&city=&year=2025,,
domo,Domo,14,https://www.levels.fyi/companies/domo/salaries,https://h1bdata.info/index.php?em=Domo&job=&city=&year=2025,,
doordash,Doordash,14,https://www.levels.fyi/companies/doordash/salaries,https://h1bdata.info/index.php?em=Doordash&job=&city=&year=2025,,
dropbox,Dropbox,14,https://www.levels.fyi/companies/dropbox/salaries,https://h1bdata.info/index.php?em=Dropbox&job=&city=&year=2025,,
dynatrace,Dynatrace,14,https://www.levels.fyi/companies/dynatrace/salaries,https://h1bdata.info/index.php?em=Dynatrace&job=&city=&year=2025,,
ebanx,Ebanx,14,https://www.levels.fyi/companies/ebanx/salaries,https://h1bdata.info/index.php?em=Ebanx&job=&city=&year=2025,,
ebay,Ebay,14,https://www.levels.fyi/companies/ebay/salaries,https://h1bdata.info/index.php?em=Ebay&job=&city=&year=2025,,
elastic,Elastic,14,https://www.levels.fyi/companies/elastic/salaries,https://h1bdata.info/index.php?em=Elastic&job=&city=&year=2025,,
elastic-security,Elastic Security,14,https://www.levels.fyi/companies/elastic-security/salaries,https://h1bdata.info/index.php?em=Elastic%20Security&job=&city=&year=2025,,
electronic-arts,Electronic Arts,14,https://www.levels.fyi/companies/electronic-arts/salaries,https://h1bdata.info/index.php?em=Electronic%20Arts&job=&city=&year=2025,,
epic-games,Epic Games,14,https://www.levels.fyi/companies/epic-games/salaries,https://h1bdata.info/index.php?em=Epic%20Games&job=&city=&year=2025,,
epic-systems,Epic Systems,14,https://www.levels.fyi/companies/epic-systems/salaries,https://h1bdata.info/index.php?em=Epic%20Systems&job=&city=&year=2025,,
etrade,Etrade,14,https://www.levels.fyi/companies/etrade/salaries,https://h1bdata.info/index.php?em=Etrade&job=&city=&year=2025,,
etsy,Etsy,14,https://www.levels.fyi/companies/etsy/salaries,https://h1bdata.info/index.php?em=Etsy&job=&city=&year=2025,,
expedia,Expedia,14,https://www.levels.fyi/companies/expedia/salaries,https://h1bdata.info/index.php?em=Expedia&job=&city=&year=2025,,
f5,F5,14,https://www.levels.fyi/companies/f5/salaries,https://h1bdata.info/index.php?em=F5&job=&city=&year=2025,,
faire,Faire,14,https://www.levels.fyi/companies/faire/salaries,https://h1bdata.info/index.php?em=Faire&job=&city=&year=2025,,
fanatics,Fanatics,14,https://www.levels.fyi/companies/fanatics/salaries,https://h1bdata.info/index.php?em=Fanatics&job=&city=&year=2025,,
fastly,Fastly,14,https://www.levels.fyi/companies/fastly/salaries,https://h1bdata.info/index.php?em=Fastly&job=&city=&year=2025,,
fidelity,Fidelity,14,https://www.levels.fyi/companies/fidelity/salaries,https://h1bdata.info/index.php?em=Fidelity&job=&city=&year=2025,,
fidelity-digital-assets,Fidelity Digital Assets,14,https://www.levels.fyi/companies/fidelity-digital-assets/salaries,https://h1bdata.info/index.php?em=Fidelity%20Digital%20Assets&job=&city=&year=2025,,
figma,Figma,14,https://www.levels.fyi/companies/figma/salaries,https://h1bdata.info/index.php?em=Figma&job=&city=&year=2025,,
fis,Fis,14,https://www.levels.fyi/companies/fis/salaries,https://h1bdata.info/index.php?em=Fis&job=&city=&year=2025,,
fiserv,Fiserv,14,https://www.levels.fyi/companies/fiserv/salaries,https://h1bdata.info/index.php?em=Fiserv&job=&city=&year=2025,,
fivetran,Fivetran,14,https://www.levels.fyi/companies/fivetran/salaries,https://h1bdata.info/index.php?em=Fivetran&job=&city=&year=2025,,
flexport,Flexport,14,https://www.levels.fyi/companies/flexport/salaries,https://h1bdata.info/index.php?em=Flexport&job=&city=&year=2025,,
fly-io,Fly Io,14,https://www.levels.fyi/companies/fly-io/salaries,https://h1bdata.info/index.php?em=Fly%20Io&job=&city=&year=2025,,
flywire,Flywire,14,https://www.levels.fyi/companies/flywire/salaries,https://h1bdata.info/index.php?em=Flywire&job=&city=&year=2025,,
fortinet,Fortinet,14,https://www.levels.fyi/companies/fortinet/salaries,https://h1bdata.info/index.php?em=Fortinet&job=&city=&year=2025,,
freshworks,Freshworks,14,https://www.levels.fyi/companies/freshworks/salaries,https://h1bdata.info/index.php?em=Freshworks&job=&city=&year=2025,,
genentech,Genentech,14,https://www.levels.fyi/companies/genentech/salaries,https://h1bdata.info/index.php?em=Genentech&job=&city=&year=2025,,
github,Github,14,https://www.levels.fyi/companies/github/salaries,https://h1bdata.info/index.php?em=Github&job=&city=&year=2025,,
gitlab,Gitlab,14,https://www.levels.fyi/companies/gitlab/salaries,https://h1bdata.info/index.php?em=Gitlab&job=&city=&year=2025,,
glean,Glean,14,https://www.levels.fyi/companies/glean/salaries,https://h1bdata.info/index.php?em=Glean&job=&city=&year=2025,,
global-payments,Global Payments,14,https://www.levels.fyi/companies/global-payments/salaries,https://h1bdata.info/index.php?em=Global%20Payments&job=&city=&year=2025,,
gocardless,Gocardless,14,https://www.levels.fyi/companies/gocardless/salaries,https://h1bdata.info/index.php?em=Gocardless&job=&city=&year=2025,,
goldman-sachs,Goldman Sachs,14,https://www.levels.fyi/companies/goldman-sachs/salaries,https://h1bdata.info/index.php?em=Goldman%20Sachs&job=&city=&year=2025,,
google,Google,14,https://www.levels.fyi/companies/google/salaries,https://h1bdata.info/index.php?em=Google&job=&city=&year=2025,,
grab,Grab,14,https://www.levels.fyi/companies/grab/salaries,https://h1bdata.info/index.php?em=Grab&job=&city=&year=2025,,
grafana-labs,Grafana Labs,14,https://www.levels.fyi/companies/grafana-labs/salaries,https://h1bdata.info/index.php?em=Grafana%20Labs&job=&city=&year=2025,,
groq,Groq,14,https://www.levels.fyi/companies/groq/salaries,https://h1bdata.info/index.php?em=Groq&job=&city=&year=2025,,
gusto,Gusto,14,https://www.levels.fyi/companies/gusto/salaries,https://h1bdata.info/index.php?em=Gusto&job=&city=&year=2025,,
harvey-ai,Harvey Ai,14,https://www.levels.fyi/companies/harvey-ai/salaries,https://h1bdata.info/index.php?em=Harvey%20Ai&job=&city=&year=2025,,
hashicorp,Hashicorp,14,https://www.levels.fyi/companies/hashicorp/salaries,https://h1bdata.info/index.php?em=Hashicorp&job=&city=&year=2025,,
hashicorp-terraform,Hashicorp Terraform,14,https://www.levels.fyi/companies/hashicorp-terraform/salaries,https://h1bdata.info/index.php?em=Hashicorp%20Terraform&job=&city=&year=2025,,
hex,Hex,14,https://www.levels.fyi/companies/hex/salaries,https://h1bdata.info/index.php?em=Hex&job=&city=&year=2025,,
hsbc,Hsbc,14,https://www.levels.fyi/companies/hsbc/salaries,https://h1bdata.info/index.php?em=Hsbc&job=&city=&year=2025,,
hubspot,Hubspot,14,https://www.levels.fyi/companies/hubspot/salaries,https://h1bdata.info/index.php?em=Hubspot&job=&city=&year=2025,,
hugging-face,Hugging Face,14,https://www.levels.fyi/companies/hugging-face/salaries,https://h1bdata.info/index.php?em=Hugging%20Face&job=&city=&year=2025,,
huggingface-enterprise,Huggingface Enterprise,14,https://www.levels.fyi/companies/huggingface-enterprise/salaries,https://h1bdata.info/index.php?em=Huggingface%20Enterprise&job=&city=&year=2025,,
illumina,Illumina,14,https://www.levels.fyi/companies/illumina/salaries,https://h1bdata.info/index.php?em=Illumina&job=&city=&year=2025,,
inflection-ai,Inflection Ai,14,https://www.levels.fyi/companies/inflection-ai/salaries,https://h1bdata.info/index.php?em=Inflection%20Ai&job=&city=&year=2025,,
instacart,Instacart,14,https://www.levels.fyi/companies/instacart/salaries,https://h1bdata.info/index.php?em=Instacart&job=&city=&year=2025,,
intel,Intel,14,https://www.levels.fyi/companies/intel/salaries,https://h1bdata.info/index.php?em=Intel&job=&city=&year=2025,,
interactive-brokers,Interactive Brokers,14,https://www.levels.fyi/companies/interactive-brokers/salaries,https://h1bdata.info/index.php?em=Interactive%20Brokers&job=&city=&year=2025,,
intercontinental-exchange,Intercontinental Exchange,14,https://www.levels.fyi/companies/intercontinental-exchange/salaries,https://h1bdata.info/index.php?em=Intercontinental%20Exchange&job=&city=&year=2025,,
jane-street,Jane Street,14,https://www.levels.fyi/companies/jane-street/salaries,https://h1bdata.info/index.php?em=Jane%20Street&job=&city=&year=2025,,
jpmorgan-chase,Jpmorgan Chase,14,https://www.levels.fyi/companies/jpmorgan-chase/salaries,https://h1bdata.info/index.php?em=Jpmorgan%20Chase&job=&city=&year=2025,,
juniper,Juniper,14,https://www.levels.fyi/companies/juniper/salaries,https://h1bdata.info/index.php?em=Juniper&job=&city=&year=2025,,
kkr,Kkr,14,https://www.levels.fyi/companies/kkr/salaries,https://h1bdata.info/index.php?em=Kkr&job=&city=&year=2025,,
klarna,Klarna,14,https://www.levels.fyi/companies/klarna/salaries,https://h1bdata.info/index.php?em=Klarna&job=&city=&year=2025,,
kpmg,Kpmg,14,https://www.levels.fyi/companies/kpmg/salaries,https://h1bdata.info/index.php?em=Kpmg&job=&city=&year=2025,,
kraken,Kraken,14,https://www.levels.fyi/companies/kraken/salaries,https://h1bdata.info/index.php?em=Kraken&job=&city=&year=2025,,
l3harris,L3Harris,14,https://www.levels.fyi/companies/l3harris/salaries,https://h1bdata.info/index.php?em=L3Harris&job=&city=&year=2025,,
lattice,Lattice,14,https://www.levels.fyi/companies/lattice/salaries,https://h1bdata.info/index.php?em=Lattice&job=&city=&year=2025,,
launchdarkly,Launchdarkly,14,https://www.levels.fyi/companies/launchdarkly/salaries,https://h1bdata.info/index.php?em=Launchdarkly&job=&city=&year=2025,,
lianlian-global,Lianlian Global,14,https://www.levels.fyi/companies/lianlian-global/salaries,https://h1bdata.info/index.php?em=Lianlian%20Global&job=&city=&year=2025,,
linear,Linear,14,https://www.levels.fyi/companies/linear/salaries,https://h1bdata.info/index.php?em=Linear&job=&city=&year=2025,,
linode,Linode,14,https://www.levels.fyi/companies/linode/salaries,https://h1bdata.info/index.php?em=Linode&job=&city=&year=2025,,
lucid-motors,Lucid Motors,14,https://www.levels.fyi/companies/lucid-motors/salaries,https://h1bdata.info/index.php?em=Lucid%20Motors&job=&city=&year=2025,,
lyft,Lyft,14,https://www.levels.fyi/companies/lyft/salaries,https://h1bdata.info/index.php?em=Lyft&job=&city=&year=2025,,
marqeta,Marqeta,14,https://www.levels.fyi/companies/marqeta/salaries,https://h1bdata.info/index.php?em=Marqeta&job=&city=&year=2025,,
marvell,Marvell,14,https://www.levels.fyi/companies/marvell/salaries,https://h1bdata.info/index.php?em=Marvell&job=&city=&year=2025,,
mastercard,Mastercard,14,https://www.levels.fyi/companies/mastercard/salaries,https://h1bdata.info/index.php?em=Mastercard&job=&city=&year=2025,,
match-group,Match Group,14,https://www.levels.fyi/companies/match-group/salaries,https://h1bdata.info/index.php?em=Match%20Group&job=&city=&year=2025,,
mckinsey,Mckinsey,14,https://www.levels.fyi/companies/mckinsey/salaries,https://h1bdata.info/index.php?em=Mckinsey&job=&city=&year=2025,,
melio,Melio,14,https://www.levels.fyi/companies/melio/salaries,https://h1bdata.info/index.php?em=Melio&job=&city=&year=2025,,
mercado-libre,Mercado Libre,14,https://www.levels.fyi/companies/mercado-libre/salaries,https://h1bdata.info/index.php?em=Mercado%20Libre&job=&city=&year=2025,,
mercury,Mercury,14,https://www.levels.fyi/companies/mercury/salaries,https://h1bdata.info/index.php?em=Mercury&job=&city=&year=2025,,
meta,Meta,14,https://www.levels.fyi/companies/meta/salaries,https://h1bdata.info/index.php?em=Meta&job=&city=&year=2025,,
micron,Micron,14,https://www.levels.fyi/companies/micron/salaries,https://h1bdata.info/index.php?em=Micron&job=&city=&year=2025,,
microsoft,Microsoft,14,https://www.levels.fyi/companies/microsoft/salaries,https://h1bdata.info/index.php?em=Microsoft&job=&city=&year=2025,,
midjourney,Midjourney,14,https://www.levels.fyi/companies/midjourney/salaries,https://h1bdata.info/index.php?em=Midjourney&job=&city=&year=2025,,
millennium-management,Millennium Management,14,https://www.levels.fyi/companies/millennium-management/salaries,https://h1bdata.info/index.php?em=Millennium%20Management&job=&city=&year=2025,,
mistral-ai,Mistral Ai,14,https://www.levels.fyi/companies/mistral-ai/salaries,https://h1bdata.info/index.php?em=Mistral%20Ai&job=&city=&year=2025,,
mixpanel,Mixpanel,14,https://www.levels.fyi/companies/mixpanel/salaries,https://h1bdata.info/index.php?em=Mixpanel&job=&city=&year=2025,,
moderna,Moderna,14,https://www.levels.fyi/companies/moderna/salaries,https://h1bdata.info/index.php?em=Moderna&job=&city=&year=2025,,
monday-com,Monday Com,14,https://www.levels.fyi/companies/monday-com/salaries,https://h1bdata.info/index.php?em=Monday%20Com&job=&city=&year=2025,,
moneygram,Moneygram,14,https://www.levels.fyi/companies/moneygram/salaries,https://h1bdata.info/index.php?em=Moneygram&job=&city=&year=2025,,
mongodb,Mongodb,14,https://www.levels.fyi/companies/mongodb/salaries,https://h1bdata.info/index.php?em=Mongodb&job=&city=&year=2025,,
monzo,Monzo,14,https://www.levels.fyi/companies/monzo/salaries,https://h1bdata.info/index.php?em=Monzo&job=&city=&year=2025,,
morgan-stanley,Morgan Stanley,14,https://www.levels.fyi/companies/morgan-stanley/salaries,https://h1bdata.info/index.php?em=Morgan%20Stanley&job=&city=&year=2025,,
navan,Navan,14,https://www.levels.fyi/companies/navan/salaries,https://h1bdata.info/index.php?em=Navan&job=&city=&year=2025,,
ncr-voyix,Ncr Voyix,14,https://www.levels.fyi/companies/ncr-voyix/salaries,https://h1bdata.info/index.php?em=Ncr%20Voyix&job=&city=&year=2025,,
netflix,Netflix,14,https://www.levels.fyi/companies/netflix/salaries,https://h1bdata.info/index.php?em=Netflix&job=&city=&year=2025,,
netskope,Netskope,14,https://www.levels.fyi/companies/netskope/salaries,https://h1bdata.info/index.php?em=Netskope&job=&city=&year=2025,,
new-relic,New Relic,14,https://www.levels.fyi/companies/new-relic/salaries,https://h1bdata.info/index.php?em=New%20Relic&job=&city=&year=2025,,
nium,Nium,14,https://www.levels.fyi/companies/nium/salaries,https://h1bdata.info/index.php?em=Nium&job=&city=&year=2025,,
northrop-grumman,Northrop Grumman,14,https://www.levels.fyi/companies/northrop-grumman/salaries,https://h1bdata.info/index.php?em=Northrop%20Grumman&job=&city=&year=2025,,
notion,Notion,14,https://www.levels.fyi/companies/notion/salaries,https://h1bdata.info/index.php?em=Notion&job=&city=&year=2025,,
nubank,Nubank,14,https://www.levels.fyi/companies/nubank/salaries,https://h1bdata.info/index.php?em=Nubank&job=&city=&year=2025,,
nuro,Nuro,14,https://www.levels.fyi/companies/nuro/salaries,https://h1bdata.info/index.php?em=Nuro&job=&city=&year=2025,,
nutanix,Nutanix,14,https://www.levels.fyi/companies/nutanix/salaries,https://h1bdata.info/index.php?em=Nutanix&job=&city=&year=2025,,
nuvei,Nuvei,14,https://www.levels.fyi/companies/nuvei/salaries,https://h1bdata.info/index.php?em=Nuvei&job=&city=&year=2025,,
nvidia,Nvidia,14,https://www.levels.fyi/companies/nvidia/salaries,https://h1bdata.info/index.php?em=Nvidia&job=&city=&year=2025,,
okta,Okta,14,https://www.levels.fyi/companies/okta/salaries,https://h1bdata.info/index.php?em=Okta&job=&city=&year=2025,,
openai,Openai,14,https://www.levels.fyi/companies/openai/salaries,https://h1bdata.info/index.php?em=Openai&job=&city=&year=2025,,
opendoor,Opendoor,14,https://www.levels.fyi/companies/opendoor/salaries,https://h1bdata.info/index.php?em=Opendoor&job=&city=&year=2025,,
optum,Optum,14,https://www.levels.fyi/companies/optum/salaries,https://h1bdata.info/index.php?em=Optum&job=&city=&year=2025,,
oracle,Oracle,14,https://www.levels.fyi/companies/oracle/salaries,https://h1bdata.info/index.php?em=Oracle&job=&city=&year=2025,,
pagerduty,Pagerduty,14,https://www.levels.fyi/companies/pagerduty/salaries,https://h1bdata.info/index.php?em=Pagerduty&job=&city=&year=2025,,
palantir,Palantir,14,https://www.levels.fyi/companies/palantir/salaries,https://h1bdata.info/index.php?em=Palantir&job=&city=&year=2025,,
palo-alto-networks,Palo Alto Networks,14,https://www.levels.fyi/companies/palo-alto-networks/salaries,https://h1bdata.info/index.php?em=Palo%20Alto%20Networks&job=&city=&year=2025,,
payerve,Payerve,14,https://www.levels.fyi/companies/payerve/salaries,https://h1bdata.info/index.php?em=Payerve&job=&city=&year=2025,,
payoneer,Payoneer,14,https://www.levels.fyi/companies/payoneer/salaries,https://h1bdata.info/index.php?em=Payoneer&job=&city=&year=2025,,
paypal,Paypal,14,https://www.levels.fyi/companies/paypal/salaries,https://h1bdata.info/index.php?em=Paypal&job=&city=&year=2025,,
perplexity,Perplexity,14,https://www.levels.fyi/companies/perplexity/salaries,https://h1bdata.info/index.php?em=Perplexity&job=&city=&year=2025,,
ping-identity,Ping Identity,14,https://www.levels.fyi/companies/ping-identity/salaries,https://h1bdata.info/index.php?em=Ping%20Identity&job=&city=&year=2025,,
pinterest,Pinterest,14,https://www.levels.fyi/companies/pinterest/salaries,https://h1bdata.info/index.php?em=Pinterest&job=&city=&year=2025,,
plaid,Plaid,14,https://www.levels.fyi/companies/plaid/salaries,https://h1bdata.info/index.php?em=Plaid&job=&city=&year=2025,,
plaid-identity,Plaid Identity,14,https://www.levels.fyi/companies/plaid-identity/salaries,https://h1bdata.info/index.php?em=Plaid%20Identity&job=&city=&year=2025,,
planetscale,Planetscale,14,https://www.levels.fyi/companies/planetscale/salaries,https://h1bdata.info/index.php?em=Planetscale&job=&city=&year=2025,,
pleo,Pleo,14,https://www.levels.fyi/companies/pleo/salaries,https://h1bdata.info/index.php?em=Pleo&job=&city=&year=2025,,
point72,Point72,14,https://www.levels.fyi/companies/point72/salaries,https://h1bdata.info/index.php?em=Point72&job=&city=&year=2025,,
postman,Postman,14,https://www.levels.fyi/companies/postman/salaries,https://h1bdata.info/index.php?em=Postman&job=&city=&year=2025,,
ppro,Ppro,14,https://www.levels.fyi/companies/ppro/salaries,https://h1bdata.info/index.php?em=Ppro&job=&city=&year=2025,,
procore,Procore,14,https://www.levels.fyi/companies/procore/salaries,https://h1bdata.info/index.php?em=Procore&job=&city=&year=2025,,
proofpoint,Proofpoint,14,https://www.levels.fyi/companies/proofpoint/salaries,https://h1bdata.info/index.php?em=Proofpoint&job=&city=&year=2025,,
pure-storage,Pure Storage,14,https://www.levels.fyi/companies/pure-storage/salaries,https://h1bdata.info/index.php?em=Pure%20Storage&job=&city=&year=2025,,
pwc,Pwc,14,https://www.levels.fyi/companies/pwc/salaries,https://h1bdata.info/index.php?em=Pwc&job=&city=&year=2025,,
qualcomm,Qualcomm,14,https://www.levels.fyi/companies/qualcomm/salaries,https://h1bdata.info/index.php?em=Qualcomm&job=&city=&year=2025,,
ramp,Ramp,14,https://www.levels.fyi/companies/ramp/salaries,https://h1bdata.info/index.php?em=Ramp&job=&city=&year=2025,,
rapid7,Rapid7,14,https://www.levels.fyi/companies/rapid7/salaries,https://h1bdata.info/index.php?em=Rapid7&job=&city=&year=2025,,
rapyd,Rapyd,14,https://www.levels.fyi/companies/rapyd/salaries,https://h1bdata.info/index.php?em=Rapyd&job=&city=&year=2025,,
recorded-future,Recorded Future,14,https://www.levels.fyi/companies/recorded-future/salaries,https://h1bdata.info/index.php?em=Recorded%20Future&job=&city=&year=2025,,
reddit,Reddit,14,https://www.levels.fyi/companies/reddit/salaries,https://h1bdata.info/index.php?em=Reddit&job=&city=&year=2025,,
remote-com,Remote Com,14,https://www.levels.fyi/companies/remote-com/salaries,https://h1bdata.info/index.php?em=Remote%20Com&job=&city=&year=2025,,
renaissance-technologies,Renaissance Technologies,14,https://www.levels.fyi/companies/renaissance-technologies/salaries,https://h1bdata.info/index.php?em=Renaissance%20Technologies&job=&city=&year=2025,,
render,Render,14,https://www.levels.fyi/companies/render/salaries,https://h1bdata.info/index.php?em=Render&job=&city=&year=2025,,
retool,Retool,14,https://www.levels.fyi/companies/retool/salaries,https://h1bdata.info/index.php?em=Retool&job=&city=&year=2025,,
revolut,Revolut,14,https://www.levels.fyi/companies/revolut/salaries,https://h1bdata.info/index.php?em=Revolut&job=&city=&year=2025,,
riot-games,Riot Games,14,https://www.levels.fyi/companies/riot-games/salaries,https://h1bdata.info/index.php?em=Riot%20Games&job=&city=&year=2025,,
rippling,Rippling,14,https://www.levels.fyi/companies/rippling/salaries,https://h1bdata.info/index.php?em=Rippling&job=&city=&year=2025,,
rivian,Rivian,14,https://www.levels.fyi/companies/rivian/salaries,https://h1bdata.info/index.php?em=Rivian&job=&city=&year=2025,,
robinhood,Robinhood,14,https://www.levels.fyi/companies/robinhood/salaries,https://h1bdata.info/index.php?em=Robinhood&job=&city=&year=2025,,
roblox,Roblox,14,https://www.levels.fyi/companies/roblox/salaries,https://h1bdata.info/index.php?em=Roblox&job=&city=&year=2025,,
runway,Runway,14,https://www.levels.fyi/companies/runway/salaries,https://h1bdata.info/index.php?em=Runway&job=&city=&year=2025,,
salesforce,Salesforce,14,https://www.levels.fyi/companies/salesforce/salaries,https://h1bdata.info/index.php?em=Salesforce&job=&city=&year=2025,,
sambanova,Sambanova,14,https://www.levels.fyi/companies/sambanova/salaries,https://h1bdata.info/index.php?em=Sambanova&job=&city=&year=2025,,
samsara,Samsara,14,https://www.levels.fyi/companies/samsara/salaries,https://h1bdata.info/index.php?em=Samsara&job=&city=&year=2025,,
samsung,Samsung,14,https://www.levels.fyi/companies/samsung/salaries,https://h1bdata.info/index.php?em=Samsung&job=&city=&year=2025,,
sap,Sap,14,https://www.levels.fyi/companies/sap/salaries,https://h1bdata.info/index.php?em=Sap&job=&city=&year=2025,,
scale-ai,Scale Ai,14,https://www.levels.fyi/companies/scale-ai/salaries,https://h1bdata.info/index.php?em=Scale%20Ai&job=&city=&year=2025,,
sea-group,Sea Group,14,https://www.levels.fyi/companies/sea-group/salaries,https://h1bdata.info/index.php?em=Sea%20Group&job=&city=&year=2025,,
segment,Segment,14,https://www.levels.fyi/companies/segment/salaries,https://h1bdata.info/index.php?em=Segment&job=&city=&year=2025,,
sentinelone,Sentinelone,14,https://www.levels.fyi/companies/sentinelone/salaries,https://h1bdata.info/index.php?em=Sentinelone&job=&city=&year=2025,,
sequoia,Sequoia,14,https://www.levels.fyi/companies/sequoia/salaries,https://h1bdata.info/index.php?em=Sequoia&job=&city=&year=2025,,
servicenow,Servicenow,14,https://www.levels.fyi/companies/servicenow/salaries,https://h1bdata.info/index.php?em=Servicenow&job=&city=&year=2025,,
servicetitan,Servicetitan,14,https://www.levels.fyi/companies/servicetitan/salaries,https://h1bdata.info/index.php?em=Servicetitan&job=&city=&year=2025,,
shield-ai,Shield Ai,14,https://www.levels.fyi/companies/shield-ai/salaries,https://h1bdata.info/index.php?em=Shield%20Ai&job=&city=&year=2025,,
shift4,Shift4,14,https://www.levels.fyi/companies/shift4/salaries,https://h1bdata.info/index.php?em=Shift4&job=&city=&year=2025,,
shopify,Shopify,14,https://www.levels.fyi/companies/shopify/salaries,https://h1bdata.info/index.php?em=Shopify&job=&city=&year=2025,,
snap,Snap,14,https://www.levels.fyi/companies/snap/salaries,https://h1bdata.info/index.php?em=Snap&job=&city=&year=2025,,
snowflake,Snowflake,14,https://www.levels.fyi/companies/snowflake/salaries,https://h1bdata.info/index.php?em=Snowflake&job=&city=&year=2025,,
snowflake-ai,Snowflake Ai,14,https://www.levels.fyi/companies/snowflake-ai/salaries,https://h1bdata.info/index.php?em=Snowflake%20Ai&job=&city=&year=2025,,
snyk,Snyk,14,https://www.levels.fyi/companies/snyk/salaries,https://h1bdata.info/index.php?em=Snyk&job=&city=&year=2025,,
sofi,Sofi,14,https://www.levels.fyi/companies/sofi/salaries,https://h1bdata.info/index.php?em=Sofi&job=&city=&year=2025,,
sony,Sony,14,https://www.levels.fyi/companies/sony/salaries,https://h1bdata.info/index.php?em=Sony&job=&city=&year=2025,,
sophos,Sophos,14,https://www.levels.fyi/companies/sophos/salaries,https://h1bdata.info/index.php?em=Sophos&job=&city=&year=2025,,
spacex,Spacex,14,https://www.levels.fyi/companies/spacex/salaries,https://h1bdata.info/index.php?em=Spacex&job=&city=&year=2025,,
spendesk,Spendesk,14,https://www.levels.fyi/companies/spendesk/salaries,https://h1bdata.info/index.php?em=Spendesk&job=&city=&year=2025,,
splunk-cisco,Splunk Cisco,14,https://www.levels.fyi/companies/splunk-cisco/salaries,https://h1bdata.info/index.php?em=Splunk%20Cisco&job=&city=&year=2025,,
spotify,Spotify,14,https://www.levels.fyi/companies/spotify/salaries,https://h1bdata.info/index.php?em=Spotify&job=&city=&year=2025,,
square,Square,14,https://www.levels.fyi/companies/square/salaries,https://h1bdata.info/index.php?em=Square&job=&city=&year=2025,,
stability-ai,Stability Ai,14,https://www.levels.fyi/companies/stability-ai/salaries,https://h1bdata.info/index.php?em=Stability%20Ai&job=&city=&year=2025,,
starling-bank,Starling Bank,14,https://www.levels.fyi/companies/starling-bank/salaries,https://h1bdata.info/index.php?em=Starling%20Bank&job=&city=&year=2025,,
stripe,Stripe,14,https://www.levels.fyi/companies/stripe/salaries,https://h1bdata.info/index.php?em=Stripe&job=&city=&year=2025,,
supabase,Supabase,14,https://www.levels.fyi/companies/supabase/salaries,https://h1bdata.info/index.php?em=Supabase&job=&city=&year=2025,,
t-mobile,T Mobile,14,https://www.levels.fyi/companies/t-mobile/salaries,https://h1bdata.info/index.php?em=T%20Mobile&job=&city=&year=2025,,
tableau,Tableau,14,https://www.levels.fyi/companies/tableau/salaries,https://h1bdata.info/index.php?em=Tableau&job=&city=&year=2025,,
take-two-interactive,Take Two Interactive,14,https://www.levels.fyi/companies/take-two-interactive/salaries,https://h1bdata.info/index.php?em=Take%20Two%20Interactive&job=&city=&year=2025,,
target,Target,14,https://www.levels.fyi/companies/target/salaries,https://h1bdata.info/index.php?em=Target&job=&city=&year=2025,,
tastytrade,Tastytrade,14,https://www.levels.fyi/companies/tastytrade/salaries,https://h1bdata.info/index.php?em=Tastytrade&job=&city=&year=2025,,
tempus,Tempus,14,https://www.levels.fyi/companies/tempus/salaries,https://h1bdata.info/index.php?em=Tempus&job=&city=&year=2025,,
tenable,Tenable,14,https://www.levels.fyi/companies/tenable/salaries,https://h1bdata.info/index.php?em=Tenable&job=&city=&year=2025,,
tencent,Tencent,14,https://www.levels.fyi/companies/tencent/salaries,https://h1bdata.info/index.php?em=Tencent&job=&city=&year=2025,,
tenstorrent,Tenstorrent,14,https://www.levels.fyi/companies/tenstorrent/salaries,https://h1bdata.info/index.php?em=Tenstorrent&job=&city=&year=2025,,
terrapay,Terrapay,14,https://www.levels.fyi/companies/terrapay/salaries,https://h1bdata.info/index.php?em=Terrapay&job=&city=&year=2025,,
tesla,Tesla,14,https://www.levels.fyi/companies/tesla/salaries,https://h1bdata.info/index.php?em=Tesla&job=&city=&year=2025,,
thoughtspot,Thoughtspot,14,https://www.levels.fyi/companies/thoughtspot/salaries,https://h1bdata.info/index.php?em=Thoughtspot&job=&city=&year=2025,,
thunes,Thunes,14,https://www.levels.fyi/companies/thunes/salaries,https://h1bdata.info/index.php?em=Thunes&job=&city=&year=2025,,
tipalti,Tipalti,14,https://www.levels.fyi/companies/tipalti/salaries,https://h1bdata.info/index.php?em=Tipalti&job=&city=&year=2025,,
toast,Toast,14,https://www.levels.fyi/companies/toast/salaries,https://h1bdata.info/index.php?em=Toast&job=&city=&year=2025,,
together-ai,Together Ai,14,https://www.levels.fyi/companies/together-ai/salaries,https://h1bdata.info/index.php?em=Together%20Ai&job=&city=&year=2025,,
tpg,Tpg,14,https://www.levels.fyi/companies/tpg/salaries,https://h1bdata.info/index.php?em=Tpg&job=&city=&year=2025,,
trellix,Trellix,14,https://www.levels.fyi/companies/trellix/salaries,https://h1bdata.info/index.php?em=Trellix&job=&city=&year=2025,,
tsmc,Tsmc,14,https://www.levels.fyi/companies/tsmc/salaries,https://h1bdata.info/index.php?em=Tsmc&job=&city=&year=2025,,
twilio,Twilio,14,https://www.levels.fyi/companies/twilio/salaries,https://h1bdata.info/index.php?em=Twilio&job=&city=&year=2025,,
two-sigma,Two Sigma,14,https://www.levels.fyi/companies/two-sigma/salaries,https://h1bdata.info/index.php?em=Two%20Sigma&job=&city=&year=2025,,
uber,Uber,14,https://www.levels.fyi/companies/uber/salaries,https://h1bdata.info/index.php?em=Uber&job=&city=&year=2025,,
ubs,Ubs,14,https://www.levels.fyi/companies/ubs/salaries,https://h1bdata.info/index.php?em=Ubs&job=&city=&year=2025,,
uipath,Uipath,14,https://www.levels.fyi/companies/uipath/salaries,https://h1bdata.info/index.php?em=Uipath&job=&city=&year=2025,,
unitedhealth-group,Unitedhealth Group,14,https://www.levels.fyi/companies/unitedhealth-group/salaries,https://h1bdata.info/index.php?em=Unitedhealth%20Group&job=&city=&year=2025,,
unity,Unity,14,https://www.levels.fyi/companies/unity/salaries,https://h1bdata.info/index.php?em=Unity&job=&city=&year=2025,,
valve,Valve,14,https://www.levels.fyi/companies/valve/salaries,https://h1bdata.info/index.php?em=Valve&job=&city=&year=2025,,
vanguard,Vanguard,14,https://www.levels.fyi/companies/vanguard/salaries,https://h1bdata.info/index.php?em=Vanguard&job=&city=&year=2025,,
vanta,Vanta,14,https://www.levels.fyi/companies/vanta/salaries,https://h1bdata.info/index.php?em=Vanta&job=&city=&year=2025,,
vast-data,Vast Data,14,https://www.levels.fyi/companies/vast-data/salaries,https://h1bdata.info/index.php?em=Vast%20Data&job=&city=&year=2025,,
veeva-systems,Veeva Systems,14,https://www.levels.fyi/companies/veeva-systems/salaries,https://h1bdata.info/index.php?em=Veeva%20Systems&job=&city=&year=2025,,
vercel,Vercel,14,https://www.levels.fyi/companies/vercel/salaries,https://h1bdata.info/index.php?em=Vercel&job=&city=&year=2025,,
verizon,Verizon,14,https://www.levels.fyi/companies/verizon/salaries,https://h1bdata.info/index.php?em=Verizon&job=&city=&year=2025,,
visa,Visa,14,https://www.levels.fyi/companies/visa/salaries,https://h1bdata.info/index.php?em=Visa&job=&city=&year=2025,,
vmware,Vmware,14,https://www.levels.fyi/companies/vmware/salaries,https://h1bdata.info/index.php?em=Vmware&job=&city=&year=2025,,
walmart-global-tech,Walmart Global Tech,14,https://www.levels.fyi/companies/walmart-global-tech/salaries,https://h1bdata.info/index.php?em=Walmart%20Global%20Tech&job=&city=&year=2025,,
warner-bros-discovery,Warner Bros Discovery,14,https://www.levels.fyi/companies/warner-bros-discovery/salaries,https://h1bdata.info/index.php?em=Warner%20Bros%20Discovery&job=&city=&year=2025,,
wayfair,Wayfair,14,https://www.levels.fyi/companies/wayfair/salaries,https://h1bdata.info/index.php?em=Wayfair&job=&city=&year=2025,,
waymo,Waymo,14,https://www.levels.fyi/companies/waymo/salaries,https://h1bdata.info/index.php?em=Waymo&job=&city=&year=2025,,
weights-and-biases,Weights And Biases,14,https://www.levels.fyi/companies/weights-and-biases/salaries,https://h1bdata.info/index.php?em=Weights%20And%20Biases&job=&city=&year=2025,,
wells-fargo,Wells Fargo,14,https://www.levels.fyi/companies/wells-fargo/salaries,https://h1bdata.info/index.php?em=Wells%20Fargo&job=&city=&year=2025,,
western-union,Western Union,14,https://www.levels.fyi/companies/western-union/salaries,https://h1bdata.info/index.php?em=Western%20Union&job=&city=&year=2025,,
wise,Wise,14,https://www.levels.fyi/companies/wise/salaries,https://h1bdata.info/index.php?em=Wise&job=&city=&year=2025,,
wiz,Wiz,14,https://www.levels.fyi/companies/wiz/salaries,https://h1bdata.info/index.php?em=Wiz&job=&city=&year=2025,,
workday,Workday,14,https://www.levels.fyi/companies/workday/salaries,https://h1bdata.info/index.php?em=Workday&job=&city=&year=2025,,
workiva,Workiva,14,https://www.levels.fyi/companies/workiva/salaries,https://h1bdata.info/index.php?em=Workiva&job=&city=&year=2025,,
xai,Xai,14,https://www.levels.fyi/companies/xai/salaries,https://h1bdata.info/index.php?em=Xai&job=&city=&year=2025,,
zendesk,Zendesk,14,https://www.levels.fyi/companies/zendesk/salaries,https://h1bdata.info/index.php?em=Zendesk&job=&city=&year=2025,,
zillow,Zillow,14,https://www.levels.fyi/companies/zillow/salaries,https://h1bdata.info/index.php?em=Zillow&job=&city=&year=2025,,
zipline,Zipline,14,https://www.levels.fyi/companies/zipline/salaries,https://h1bdata.info/index.php?em=Zipline&job=&city=&year=2025,,
zoom,Zoom,14,https://www.levels.fyi/companies/zoom/salaries,https://h1bdata.info/index.php?em=Zoom&job=&city=&year=2025,,
zscaler,Zscaler,14,https://www.levels.fyi/companies/zscaler/salaries,https://h1bdata.info/index.php?em=Zscaler&job=&city=&year=2025,,
zuora,Zuora,14,https://www.levels.fyi/companies/zuora/salaries,https://h1bdata.info/index.php?em=Zuora&job=&city=&year=2025,,
